noc,province_code,province,low_wage_cad_per_hour,median_wage_cad_per_hour,high_wage_cad_per_hour,reference_period,revision_date,annual_wage_flag,data_source
NOC_21232,NL,Newfoundland and Labrador,30.77,43.75,74.52,2023-2024,2025-11-19,0,LFS 2023-24 PR NOC5
NOC_21232,NS,Nova Scotia,24.5,40.87,66.67,2023-2024,2025-11-19,0,LFS 2023-24 PR NOC5
NOC_21232,NB,New Brunswick,28,45.67,74.04,2023-2024,2025-11-19,0,LFS 2023-24 PR NOC5
NOC_21232,QC,Quebec,29,45.67,68.13,2023-2024,2025-11-19,0,LFS 2023-24 PR NOC5
NOC_21232,ON,Ontario,30.29,48.08,77.4,2023-2024,2025-11-19,0,LFS 2023-24 PR NOC5
NOC_21232,MB,Manitoba,30,41.03,62.02,2023-2024,2025-11-19,0,LFS 2023-24 PR NOC5
NOC_21232,SK,Saskatchewan,28.85,48.07,68.68,2023-2024,2025-11-19,0,LFS 2023-24 PR NOC5
NOC_21232,AB,Alberta,29.81,48.08,76.92,2023-2024,2025-11-19,0,LFS 2023-24 PR NOC5
NOC_21232,BC,British Columbia,31.25,52.4,84.13,2023-2024,2025-11-19,0,LFS 2023-24 PR NOC5
